﻿Nro.;Codigo;Materia;Paral;Aula;Créditos;Lunes;Martes;Miércoles;Jueves;Viernes;Sábado;Carrera;Obs
1;ICCD332;ARQUITECTURA DE COMPUTADORES;GR1SW;E20- P3/EOOB;2;14-16;;;;;;(RRA20) SOFTWARE;
2;ICCD333;ARQUITECTURA DE COMPUTADORES;GR1SW;E2.0-P4 E001;2;;;14-16;;;;(RRA20) SOFTWARE;
3;ICCD343;ESTRUCTURA DE DATOS Y ALGORITMOS I;GR1SW;E20-;2;;;18-20;;;;(RRA20) SOFTWARE;
4;ICCD343;ESTRUCTURA DE DATOS Y ALGORITMOS I;GR1SW;E20- P3/E008;3;18-20;;;;;;(RRA20) SOFTWARE;
5;ICCD343;ESTRUCTURA DE DATOS Y ALGORITMOS I;GR1SW;E20- P5/E010;3;;19-20;;;;;(RRA20) SOFTWARE;
6;ICCD353;FUNDAMENTOS DE REDES Y CONECTIVIDAD;GR1SW;E20-;3;;;;;14-17;;(RRA20) SOFTWARE;
7;ICCD353;FUNDAMENTOS DE REDES Y CONECTIVIDAD;GR1SW;E20-PS/008;3;;;16-18;;;;(RRA20) SOFTWARE;
8;CSHD3Bl;INTRODUGCIÓN  A LA PRODUCClÓN;A3;E26-P /EOOB;1;9-11;;;;;;(RRA20) SOFTWARE;
9;MATD223;PROBABILIDAD Y ESTADISTiCA BASICAS;GR4SW;El4-;3;;;7-9;;7-9;;(RRA20) SOFTWARE;
10;ICCD323;SISTEMAS OPERATIVOS;GRlSW;E20-;3;16-18;;;;;;(RRA20) SOFTWARE;
11;ICCD323;SISTEMAS OPERATIVOS;GRlSW;E20-;3;;16-19;;;;;(RRA20) SOFTWARE;
